Orthogroup	Species Tree Node	Gene Tree Node	Support	Type	Genes 1	Genes 2
OG0000000	N1	n0	1.0	Non-Terminal	chlamydomonas_reinhardtii_Cre10.g430750_4532, ostreococcus_tauri_ostta03g02980, selaginella_moellendorffii_Smoe_47768, ceratopteris_richardii_Ceric.14G074800, selaginella_moellendorffii_Smoe_84280, mesotaenium_endlicherianum_ME000644S08861, ceratopteris_richardii_Ceric.35G012200, marchantia_polymorpha_Mp5g11830, marchantia_polymorpha_Mp2g13020, klebsormidium_nitens_kfl00238_0070, solanum_lycopersicum_Solyc05g055240, solanum_lycopersicum_Solyc11g006720, arabidopsis_thaliana_AT5G04760, oryza_sativa_Os01g64360, oryza_sativa_Os05g37050, oryza_sativa_Os05g37040, oryza_sativa_Os05g37060, solanum_lycopersicum_Solyc05g052610, solanum_lycopersicum_Solyc03g096350, arabidopsis_thaliana_AT3G11280, arabidopsis_thaliana_AT5G05790, solanum_lycopersicum_Solyc10g076820, solanum_lycopersicum_Solyc09g014250, arabidopsis_thaliana_AT2G38090, solanum_lycopersicum_Solyc06g076770, arabidopsis_thaliana_AT5G58900, arabidopsis_thaliana_AT5G01200, oryza_sativa_Os01g63460, oryza_sativa_Os05g37730, oryza_sativa_Os01g04930, oryza_sativa_Os04g27410, oryza_sativa_Os01g34060, arabidopsis_thaliana_AT1G49010, solanum_lycopersicum_Solyc03g119740, arabidopsis_thaliana_AT5G08520, oryza_sativa_Os04g58020, solanum_lycopersicum_Solyc04g008870	chlamydomonas_reinhardtii_Cre03.g198800_4532, ostreococcus_tauri_ostta06g01220, ceratopteris_richardii_Ceric.34G025300, oryza_sativa_Os01g41900, oryza_sativa_Os01g09640, oryza_sativa_Os05g10690, arabidopsis_thaliana_AT5G56840, solanum_lycopersicum_Solyc08g065380, solanum_lycopersicum_Solyc07g026680, solanum_lycopersicum_Solyc12g008800, ceratopteris_richardii_Ceric.22G032800, ceratopteris_richardii_Ceric.11G039500, ceratopteris_richardii_Ceric.16G031800, solanum_lycopersicum_Solyc08g078340, arabidopsis_thaliana_AT5G47390, oryza_sativa_Os10g41200, oryza_sativa_Os01g09280, arabidopsis_thaliana_AT3G16350, solanum_lycopersicum_Solyc12g044610, klebsormidium_nitens_kfl00137_0050, mesotaenium_endlicherianum_ME000159S01628, marchantia_polymorpha_Mp4g22430, selaginella_moellendorffii_Smoe_133546, selaginella_moellendorffii_Smoe_439294, selaginella_moellendorffii_Smoe_130556, ceratopteris_richardii_Ceric.19G046100, ceratopteris_richardii_Ceric.15G045900, solanum_lycopersicum_Solyc06g071230, solanum_lycopersicum_Solyc03g113620, arabidopsis_thaliana_AT1G70000, arabidopsis_thaliana_AT1G74840, arabidopsis_thaliana_AT1G19000
OG0000000	N2	n4	0.25	Non-Terminal	selaginella_moellendorffii_Smoe_47768, ceratopteris_richardii_Ceric.14G074800	selaginella_moellendorffii_Smoe_84280, mesotaenium_endlicherianum_ME000644S08861, ceratopteris_richardii_Ceric.35G012200, marchantia_polymorpha_Mp5g11830, marchantia_polymorpha_Mp2g13020, klebsormidium_nitens_kfl00238_0070
OG0000000	marchantia_polymorpha	n10	1.0	Terminal	marchantia_polymorpha_Mp5g11830	marchantia_polymorpha_Mp2g13020
OG0000000	N8	n11	1.0	Non-Terminal	solanum_lycopersicum_Solyc05g055240, solanum_lycopersicum_Solyc11g006720, arabidopsis_thaliana_AT5G04760, oryza_sativa_Os01g64360, oryza_sativa_Os05g37050, oryza_sativa_Os05g37040, oryza_sativa_Os05g37060, solanum_lycopersicum_Solyc05g052610, solanum_lycopersicum_Solyc03g096350, arabidopsis_thaliana_AT3G11280, arabidopsis_thaliana_AT5G05790, solanum_lycopersicum_Solyc10g076820, solanum_lycopersicum_Solyc09g014250, arabidopsis_thaliana_AT2G38090, solanum_lycopersicum_Solyc06g076770, arabidopsis_thaliana_AT5G58900, arabidopsis_thaliana_AT5G01200, oryza_sativa_Os01g63460, oryza_sativa_Os05g37730, oryza_sativa_Os01g04930	oryza_sativa_Os04g27410, oryza_sativa_Os01g34060, arabidopsis_thaliana_AT1G49010, solanum_lycopersicum_Solyc03g119740, arabidopsis_thaliana_AT5G08520, oryza_sativa_Os04g58020, solanum_lycopersicum_Solyc04g008870
OG0000000	N8	n12	1.0	Non-Terminal	solanum_lycopersicum_Solyc05g055240, solanum_lycopersicum_Solyc11g006720, arabidopsis_thaliana_AT5G04760, oryza_sativa_Os01g64360, oryza_sativa_Os05g37050, oryza_sativa_Os05g37040, oryza_sativa_Os05g37060	solanum_lycopersicum_Solyc05g052610, solanum_lycopersicum_Solyc03g096350, arabidopsis_thaliana_AT3G11280, arabidopsis_thaliana_AT5G05790, solanum_lycopersicum_Solyc10g076820, solanum_lycopersicum_Solyc09g014250, arabidopsis_thaliana_AT2G38090, solanum_lycopersicum_Solyc06g076770, arabidopsis_thaliana_AT5G58900, arabidopsis_thaliana_AT5G01200, oryza_sativa_Os01g63460, oryza_sativa_Os05g37730, oryza_sativa_Os01g04930
OG0000000	solanum_lycopersicum	n15	1.0	Terminal	solanum_lycopersicum_Solyc05g055240	solanum_lycopersicum_Solyc11g006720
OG0000000	oryza_sativa	n16	1.0	Terminal	oryza_sativa_Os01g64360	oryza_sativa_Os05g37050, oryza_sativa_Os05g37040, oryza_sativa_Os05g37060
OG0000000	oryza_sativa	n17	1.0	Terminal	oryza_sativa_Os05g37050, oryza_sativa_Os05g37040	oryza_sativa_Os05g37060
OG0000000	oryza_sativa	n18	1.0	Terminal	oryza_sativa_Os05g37050	oryza_sativa_Os05g37040
OG0000000	N9	n20	1.0	Non-Terminal	solanum_lycopersicum_Solyc05g052610, solanum_lycopersicum_Solyc03g096350, arabidopsis_thaliana_AT3G11280, arabidopsis_thaliana_AT5G05790	solanum_lycopersicum_Solyc10g076820, solanum_lycopersicum_Solyc09g014250, arabidopsis_thaliana_AT2G38090, solanum_lycopersicum_Solyc06g076770, arabidopsis_thaliana_AT5G58900, arabidopsis_thaliana_AT5G01200
OG0000000	solanum_lycopersicum	n22	1.0	Terminal	solanum_lycopersicum_Solyc05g052610	solanum_lycopersicum_Solyc03g096350
OG0000000	arabidopsis_thaliana	n23	1.0	Terminal	arabidopsis_thaliana_AT3G11280	arabidopsis_thaliana_AT5G05790
OG0000000	N9	n24	0.5	Non-Terminal	solanum_lycopersicum_Solyc10g076820, solanum_lycopersicum_Solyc09g014250, arabidopsis_thaliana_AT2G38090, solanum_lycopersicum_Solyc06g076770, arabidopsis_thaliana_AT5G58900	arabidopsis_thaliana_AT5G01200
OG0000000	N9	n25	1.0	Non-Terminal	solanum_lycopersicum_Solyc10g076820, solanum_lycopersicum_Solyc09g014250, arabidopsis_thaliana_AT2G38090	solanum_lycopersicum_Solyc06g076770, arabidopsis_thaliana_AT5G58900
OG0000000	solanum_lycopersicum	n27	1.0	Terminal	solanum_lycopersicum_Solyc10g076820	solanum_lycopersicum_Solyc09g014250
OG0000000	oryza_sativa	n29	1.0	Terminal	oryza_sativa_Os01g63460, oryza_sativa_Os05g37730	oryza_sativa_Os01g04930
OG0000000	oryza_sativa	n30	1.0	Terminal	oryza_sativa_Os01g63460	oryza_sativa_Os05g37730
OG0000000	N8	n31	1.0	Non-Terminal	oryza_sativa_Os04g27410, oryza_sativa_Os01g34060, arabidopsis_thaliana_AT1G49010, solanum_lycopersicum_Solyc03g119740	arabidopsis_thaliana_AT5G08520, oryza_sativa_Os04g58020, solanum_lycopersicum_Solyc04g008870
OG0000000	oryza_sativa	n33	1.0	Terminal	oryza_sativa_Os04g27410	oryza_sativa_Os01g34060
OG0000000	N2	n39	0.125	Non-Terminal	ceratopteris_richardii_Ceric.34G025300	oryza_sativa_Os01g41900, oryza_sativa_Os01g09640, oryza_sativa_Os05g10690, arabidopsis_thaliana_AT5G56840, solanum_lycopersicum_Solyc08g065380, solanum_lycopersicum_Solyc07g026680, solanum_lycopersicum_Solyc12g008800, ceratopteris_richardii_Ceric.22G032800, ceratopteris_richardii_Ceric.11G039500, ceratopteris_richardii_Ceric.16G031800, solanum_lycopersicum_Solyc08g078340, arabidopsis_thaliana_AT5G47390, oryza_sativa_Os10g41200, oryza_sativa_Os01g09280, arabidopsis_thaliana_AT3G16350, solanum_lycopersicum_Solyc12g044610, klebsormidium_nitens_kfl00137_0050, mesotaenium_endlicherianum_ME000159S01628, marchantia_polymorpha_Mp4g22430, selaginella_moellendorffii_Smoe_133546, selaginella_moellendorffii_Smoe_439294, selaginella_moellendorffii_Smoe_130556, ceratopteris_richardii_Ceric.19G046100, ceratopteris_richardii_Ceric.15G045900, solanum_lycopersicum_Solyc06g071230, solanum_lycopersicum_Solyc03g113620, arabidopsis_thaliana_AT1G70000, arabidopsis_thaliana_AT1G74840, arabidopsis_thaliana_AT1G19000
OG0000000	N2	n40	0.375	Non-Terminal	oryza_sativa_Os01g41900, oryza_sativa_Os01g09640, oryza_sativa_Os05g10690, arabidopsis_thaliana_AT5G56840, solanum_lycopersicum_Solyc08g065380, solanum_lycopersicum_Solyc07g026680, solanum_lycopersicum_Solyc12g008800	ceratopteris_richardii_Ceric.22G032800, ceratopteris_richardii_Ceric.11G039500, ceratopteris_richardii_Ceric.16G031800, solanum_lycopersicum_Solyc08g078340, arabidopsis_thaliana_AT5G47390, oryza_sativa_Os10g41200, oryza_sativa_Os01g09280, arabidopsis_thaliana_AT3G16350, solanum_lycopersicum_Solyc12g044610, klebsormidium_nitens_kfl00137_0050, mesotaenium_endlicherianum_ME000159S01628, marchantia_polymorpha_Mp4g22430, selaginella_moellendorffii_Smoe_133546, selaginella_moellendorffii_Smoe_439294, selaginella_moellendorffii_Smoe_130556, ceratopteris_richardii_Ceric.19G046100, ceratopteris_richardii_Ceric.15G045900, solanum_lycopersicum_Solyc06g071230, solanum_lycopersicum_Solyc03g113620, arabidopsis_thaliana_AT1G70000, arabidopsis_thaliana_AT1G74840, arabidopsis_thaliana_AT1G19000
OG0000000	oryza_sativa	n42	1.0	Terminal	oryza_sativa_Os01g41900	oryza_sativa_Os01g09640, oryza_sativa_Os05g10690
OG0000000	oryza_sativa	n43	1.0	Terminal	oryza_sativa_Os01g09640	oryza_sativa_Os05g10690
OG0000000	solanum_lycopersicum	n45	1.0	Terminal	solanum_lycopersicum_Solyc08g065380	solanum_lycopersicum_Solyc07g026680, solanum_lycopersicum_Solyc12g008800
OG0000000	solanum_lycopersicum	n46	1.0	Terminal	solanum_lycopersicum_Solyc07g026680	solanum_lycopersicum_Solyc12g008800
OG0000000	N2	n47	0.375	Non-Terminal	ceratopteris_richardii_Ceric.22G032800, ceratopteris_richardii_Ceric.11G039500, ceratopteris_richardii_Ceric.16G031800, solanum_lycopersicum_Solyc08g078340, arabidopsis_thaliana_AT5G47390, oryza_sativa_Os10g41200, oryza_sativa_Os01g09280, arabidopsis_thaliana_AT3G16350, solanum_lycopersicum_Solyc12g044610, klebsormidium_nitens_kfl00137_0050, mesotaenium_endlicherianum_ME000159S01628, marchantia_polymorpha_Mp4g22430, selaginella_moellendorffii_Smoe_133546, selaginella_moellendorffii_Smoe_439294, selaginella_moellendorffii_Smoe_130556	ceratopteris_richardii_Ceric.19G046100, ceratopteris_richardii_Ceric.15G045900, solanum_lycopersicum_Solyc06g071230, solanum_lycopersicum_Solyc03g113620, arabidopsis_thaliana_AT1G70000, arabidopsis_thaliana_AT1G74840, arabidopsis_thaliana_AT1G19000
OG0000000	ceratopteris_richardii	n49	1.0	Terminal	ceratopteris_richardii_Ceric.22G032800, ceratopteris_richardii_Ceric.11G039500	ceratopteris_richardii_Ceric.16G031800
OG0000000	ceratopteris_richardii	n50	1.0	Terminal	ceratopteris_richardii_Ceric.22G032800	ceratopteris_richardii_Ceric.11G039500
OG0000000	N8	n52	1.0	Non-Terminal	solanum_lycopersicum_Solyc08g078340, arabidopsis_thaliana_AT5G47390, oryza_sativa_Os10g41200	oryza_sativa_Os01g09280, arabidopsis_thaliana_AT3G16350, solanum_lycopersicum_Solyc12g044610
OG0000000	selaginella_moellendorffii	n60	1.0	Terminal	selaginella_moellendorffii_Smoe_133546	selaginella_moellendorffii_Smoe_439294, selaginella_moellendorffii_Smoe_130556
OG0000000	selaginella_moellendorffii	n61	1.0	Terminal	selaginella_moellendorffii_Smoe_439294	selaginella_moellendorffii_Smoe_130556
OG0000000	ceratopteris_richardii	n63	1.0	Terminal	ceratopteris_richardii_Ceric.19G046100	ceratopteris_richardii_Ceric.15G045900
OG0000000	solanum_lycopersicum	n65	1.0	Terminal	solanum_lycopersicum_Solyc06g071230	solanum_lycopersicum_Solyc03g113620
OG0000000	arabidopsis_thaliana	n66	1.0	Terminal	arabidopsis_thaliana_AT1G70000	arabidopsis_thaliana_AT1G74840, arabidopsis_thaliana_AT1G19000
OG0000000	arabidopsis_thaliana	n67	1.0	Terminal	arabidopsis_thaliana_AT1G74840	arabidopsis_thaliana_AT1G19000
OG0000001	N0	n0	0.36363636363636365	Non-Terminal	ostreococcus_tauri_ostta06g02340, chlamydomonas_reinhardtii_Cre06.g275350_4532, oryza_sativa_Os06g01670, oryza_sativa_Os06g45840, oryza_sativa_Os02g45670, arabidopsis_thaliana_AT5G52660, solanum_lycopersicum_Solyc01g095030, solanum_lycopersicum_Solyc06g036300, arabidopsis_thaliana_AT1G01520, arabidopsis_thaliana_AT4G01280, solanum_lycopersicum_Solyc10g084370, arabidopsis_thaliana_AT5G02840, arabidopsis_thaliana_AT3G09600, selaginella_moellendorffii_Smoe_72682, mesotaenium_endlicherianum_ME000325S05445, ceratopteris_richardii_Ceric.1Z100700, marchantia_polymorpha_Mp2g14310, selaginella_moellendorffii_Smoe_78045, klebsormidium_nitens_kfl00237_0160, ceratopteris_richardii_Ceric.06G032400, selaginella_moellendorffii_Smoe_29451, chlamydomonas_reinhardtii_Cre12.g514400_4532, klebsormidium_nitens_kfl00255_0190, solanum_lycopersicum_Solyc10g005080, arabidopsis_thaliana_AT2G46830, arabidopsis_thaliana_AT1G01060, oryza_sativa_Os08g06110, ceratopteris_richardii_Ceric.04G087900, ceratopteris_richardii_Ceric.07G057200, ceratopteris_richardii_Ceric.09G067300, ceratopteris_richardii_Ceric.1Z302400, ceratopteris_richardii_Ceric.03G081800, oryza_sativa_Os06g51260, solanum_lycopersicum_Solyc03g098320, solanum_lycopersicum_Solyc02g036370, arabidopsis_thaliana_AT5G37260, arabidopsis_thaliana_AT5G17300, arabidopsis_thaliana_AT3G10113, arabidopsis_thaliana_AT1G18330, oryza_sativa_Os02g46030, oryza_sativa_Os04g49450, selaginella_moellendorffii_Smoe_78481, mesotaenium_endlicherianum_ME000117S00074, oryza_sativa_Os01g06320, ostreococcus_tauri_ostta02g04817, ostreococcus_tauri_ostta04g04770, porphyra_umbilicalis_Pum0130s0026	porphyra_umbilicalis_Pum0192s0037, porphyra_umbilicalis_Pum0200s0006, porphyra_umbilicalis_Pum2550s0001, ceratopteris_richardii_Ceric.07G076000, ceratopteris_richardii_Ceric.01G018800, ceratopteris_richardii_Ceric.30G035100, selaginella_moellendorffii_Smoe_421179, oryza_sativa_Os09g11260, oryza_sativa_Os03g14230, oryza_sativa_Os10g41260
OG0000001	N1	n2	0.2	Non-Terminal	ostreococcus_tauri_ostta06g02340, chlamydomonas_reinhardtii_Cre06.g275350_4532, oryza_sativa_Os06g01670, oryza_sativa_Os06g45840, oryza_sativa_Os02g45670, arabidopsis_thaliana_AT5G52660, solanum_lycopersicum_Solyc01g095030, solanum_lycopersicum_Solyc06g036300, arabidopsis_thaliana_AT1G01520, arabidopsis_thaliana_AT4G01280, solanum_lycopersicum_Solyc10g084370, arabidopsis_thaliana_AT5G02840, arabidopsis_thaliana_AT3G09600, selaginella_moellendorffii_Smoe_72682, mesotaenium_endlicherianum_ME000325S05445, ceratopteris_richardii_Ceric.1Z100700, marchantia_polymorpha_Mp2g14310, selaginella_moellendorffii_Smoe_78045, klebsormidium_nitens_kfl00237_0160, ceratopteris_richardii_Ceric.06G032400, selaginella_moellendorffii_Smoe_29451, chlamydomonas_reinhardtii_Cre12.g514400_4532, klebsormidium_nitens_kfl00255_0190, solanum_lycopersicum_Solyc10g005080, arabidopsis_thaliana_AT2G46830, arabidopsis_thaliana_AT1G01060, oryza_sativa_Os08g06110, ceratopteris_richardii_Ceric.04G087900, ceratopteris_richardii_Ceric.07G057200, ceratopteris_richardii_Ceric.09G067300, ceratopteris_richardii_Ceric.1Z302400, ceratopteris_richardii_Ceric.03G081800, oryza_sativa_Os06g51260, solanum_lycopersicum_Solyc03g098320, solanum_lycopersicum_Solyc02g036370, arabidopsis_thaliana_AT5G37260, arabidopsis_thaliana_AT5G17300, arabidopsis_thaliana_AT3G10113, arabidopsis_thaliana_AT1G18330, oryza_sativa_Os02g46030, oryza_sativa_Os04g49450, selaginella_moellendorffii_Smoe_78481, mesotaenium_endlicherianum_ME000117S00074	oryza_sativa_Os01g06320, ostreococcus_tauri_ostta02g04817, ostreococcus_tauri_ostta04g04770
OG0000001	N1	n4	0.8	Non-Terminal	chlamydomonas_reinhardtii_Cre06.g275350_4532, oryza_sativa_Os06g01670, oryza_sativa_Os06g45840, oryza_sativa_Os02g45670, arabidopsis_thaliana_AT5G52660, solanum_lycopersicum_Solyc01g095030, solanum_lycopersicum_Solyc06g036300, arabidopsis_thaliana_AT1G01520, arabidopsis_thaliana_AT4G01280, solanum_lycopersicum_Solyc10g084370, arabidopsis_thaliana_AT5G02840, arabidopsis_thaliana_AT3G09600, selaginella_moellendorffii_Smoe_72682, mesotaenium_endlicherianum_ME000325S05445, ceratopteris_richardii_Ceric.1Z100700, marchantia_polymorpha_Mp2g14310, selaginella_moellendorffii_Smoe_78045, klebsormidium_nitens_kfl00237_0160, ceratopteris_richardii_Ceric.06G032400	selaginella_moellendorffii_Smoe_29451, chlamydomonas_reinhardtii_Cre12.g514400_4532, klebsormidium_nitens_kfl00255_0190, solanum_lycopersicum_Solyc10g005080, arabidopsis_thaliana_AT2G46830, arabidopsis_thaliana_AT1G01060, oryza_sativa_Os08g06110, ceratopteris_richardii_Ceric.04G087900, ceratopteris_richardii_Ceric.07G057200, ceratopteris_richardii_Ceric.09G067300, ceratopteris_richardii_Ceric.1Z302400, ceratopteris_richardii_Ceric.03G081800, oryza_sativa_Os06g51260, solanum_lycopersicum_Solyc03g098320, solanum_lycopersicum_Solyc02g036370, arabidopsis_thaliana_AT5G37260, arabidopsis_thaliana_AT5G17300, arabidopsis_thaliana_AT3G10113, arabidopsis_thaliana_AT1G18330, oryza_sativa_Os02g46030, oryza_sativa_Os04g49450, selaginella_moellendorffii_Smoe_78481, mesotaenium_endlicherianum_ME000117S00074
OG0000001	N1	n5	0.1	Non-Terminal	chlamydomonas_reinhardtii_Cre06.g275350_4532, oryza_sativa_Os06g01670, oryza_sativa_Os06g45840, oryza_sativa_Os02g45670, arabidopsis_thaliana_AT5G52660, solanum_lycopersicum_Solyc01g095030, solanum_lycopersicum_Solyc06g036300, arabidopsis_thaliana_AT1G01520, arabidopsis_thaliana_AT4G01280, solanum_lycopersicum_Solyc10g084370, arabidopsis_thaliana_AT5G02840, arabidopsis_thaliana_AT3G09600, selaginella_moellendorffii_Smoe_72682, mesotaenium_endlicherianum_ME000325S05445, ceratopteris_richardii_Ceric.1Z100700, marchantia_polymorpha_Mp2g14310, selaginella_moellendorffii_Smoe_78045, klebsormidium_nitens_kfl00237_0160	ceratopteris_richardii_Ceric.06G032400
OG0000001	N8	n9	0.6666666666666666	Non-Terminal	oryza_sativa_Os06g01670, oryza_sativa_Os06g45840, oryza_sativa_Os02g45670, arabidopsis_thaliana_AT5G52660, solanum_lycopersicum_Solyc01g095030, solanum_lycopersicum_Solyc06g036300	arabidopsis_thaliana_AT1G01520, arabidopsis_thaliana_AT4G01280, solanum_lycopersicum_Solyc10g084370, arabidopsis_thaliana_AT5G02840, arabidopsis_thaliana_AT3G09600
OG0000001	oryza_sativa	n11	1.0	Terminal	oryza_sativa_Os06g01670, oryza_sativa_Os06g45840	oryza_sativa_Os02g45670
OG0000001	oryza_sativa	n12	1.0	Terminal	oryza_sativa_Os06g01670	oryza_sativa_Os06g45840
OG0000001	solanum_lycopersicum	n14	1.0	Terminal	solanum_lycopersicum_Solyc01g095030	solanum_lycopersicum_Solyc06g036300
OG0000001	N9	n15	0.5	Non-Terminal	arabidopsis_thaliana_AT1G01520, arabidopsis_thaliana_AT4G01280	solanum_lycopersicum_Solyc10g084370, arabidopsis_thaliana_AT5G02840, arabidopsis_thaliana_AT3G09600
OG0000001	arabidopsis_thaliana	n16	1.0	Terminal	arabidopsis_thaliana_AT1G01520	arabidopsis_thaliana_AT4G01280
OG0000001	arabidopsis_thaliana	n18	1.0	Terminal	arabidopsis_thaliana_AT5G02840	arabidopsis_thaliana_AT3G09600
OG0000001	N4	n19	0.14285714285714285	Non-Terminal	selaginella_moellendorffii_Smoe_72682	mesotaenium_endlicherianum_ME000325S05445, ceratopteris_richardii_Ceric.1Z100700, marchantia_polymorpha_Mp2g14310, selaginella_moellendorffii_Smoe_78045
OG0000001	N1	n23	0.3	Non-Terminal	selaginella_moellendorffii_Smoe_29451, chlamydomonas_reinhardtii_Cre12.g514400_4532, klebsormidium_nitens_kfl00255_0190, solanum_lycopersicum_Solyc10g005080, arabidopsis_thaliana_AT2G46830, arabidopsis_thaliana_AT1G01060, oryza_sativa_Os08g06110, ceratopteris_richardii_Ceric.04G087900, ceratopteris_richardii_Ceric.07G057200, ceratopteris_richardii_Ceric.09G067300, ceratopteris_richardii_Ceric.1Z302400, ceratopteris_richardii_Ceric.03G081800, oryza_sativa_Os06g51260, solanum_lycopersicum_Solyc03g098320, solanum_lycopersicum_Solyc02g036370, arabidopsis_thaliana_AT5G37260, arabidopsis_thaliana_AT5G17300	arabidopsis_thaliana_AT3G10113, arabidopsis_thaliana_AT1G18330, oryza_sativa_Os02g46030, oryza_sativa_Os04g49450, selaginella_moellendorffii_Smoe_78481, mesotaenium_endlicherianum_ME000117S00074
OG0000001	N1	n24	0.2	Non-Terminal	selaginella_moellendorffii_Smoe_29451, chlamydomonas_reinhardtii_Cre12.g514400_4532, klebsormidium_nitens_kfl00255_0190, solanum_lycopersicum_Solyc10g005080, arabidopsis_thaliana_AT2G46830, arabidopsis_thaliana_AT1G01060, oryza_sativa_Os08g06110, ceratopteris_richardii_Ceric.04G087900, ceratopteris_richardii_Ceric.07G057200, ceratopteris_richardii_Ceric.09G067300, ceratopteris_richardii_Ceric.1Z302400, ceratopteris_richardii_Ceric.03G081800, oryza_sativa_Os06g51260, solanum_lycopersicum_Solyc03g098320	solanum_lycopersicum_Solyc02g036370, arabidopsis_thaliana_AT5G37260, arabidopsis_thaliana_AT5G17300
OG0000001	N1	n25	0.3	Non-Terminal	selaginella_moellendorffii_Smoe_29451, chlamydomonas_reinhardtii_Cre12.g514400_4532, klebsormidium_nitens_kfl00255_0190, solanum_lycopersicum_Solyc10g005080, arabidopsis_thaliana_AT2G46830, arabidopsis_thaliana_AT1G01060, oryza_sativa_Os08g06110, ceratopteris_richardii_Ceric.04G087900, ceratopteris_richardii_Ceric.07G057200	ceratopteris_richardii_Ceric.09G067300, ceratopteris_richardii_Ceric.1Z302400, ceratopteris_richardii_Ceric.03G081800, oryza_sativa_Os06g51260, solanum_lycopersicum_Solyc03g098320
OG0000001	arabidopsis_thaliana	n32	1.0	Terminal	arabidopsis_thaliana_AT2G46830	arabidopsis_thaliana_AT1G01060
OG0000001	ceratopteris_richardii	n33	1.0	Terminal	ceratopteris_richardii_Ceric.04G087900	ceratopteris_richardii_Ceric.07G057200
OG0000001	ceratopteris_richardii	n36	1.0	Terminal	ceratopteris_richardii_Ceric.09G067300, ceratopteris_richardii_Ceric.1Z302400	ceratopteris_richardii_Ceric.03G081800
OG0000001	ceratopteris_richardii	n37	1.0	Terminal	ceratopteris_richardii_Ceric.09G067300	ceratopteris_richardii_Ceric.1Z302400
OG0000001	arabidopsis_thaliana	n39	1.0	Terminal	arabidopsis_thaliana_AT5G37260	arabidopsis_thaliana_AT5G17300
OG0000001	arabidopsis_thaliana	n41	1.0	Terminal	arabidopsis_thaliana_AT3G10113	arabidopsis_thaliana_AT1G18330
OG0000001	oryza_sativa	n43	1.0	Terminal	oryza_sativa_Os02g46030	oryza_sativa_Os04g49450
OG0000001	ostreococcus_tauri	n46	1.0	Terminal	ostreococcus_tauri_ostta02g04817	ostreococcus_tauri_ostta04g04770
OG0000001	porphyra_umbilicalis	n49	1.0	Terminal	porphyra_umbilicalis_Pum0192s0037, porphyra_umbilicalis_Pum0200s0006	porphyra_umbilicalis_Pum2550s0001
OG0000001	porphyra_umbilicalis	n50	1.0	Terminal	porphyra_umbilicalis_Pum0192s0037	porphyra_umbilicalis_Pum0200s0006
OG0000001	ceratopteris_richardii	n52	1.0	Terminal	ceratopteris_richardii_Ceric.07G076000, ceratopteris_richardii_Ceric.01G018800	ceratopteris_richardii_Ceric.30G035100
OG0000001	ceratopteris_richardii	n53	1.0	Terminal	ceratopteris_richardii_Ceric.07G076000	ceratopteris_richardii_Ceric.01G018800
OG0000001	oryza_sativa	n54	1.0	Terminal	oryza_sativa_Os09g11260	oryza_sativa_Os03g14230, oryza_sativa_Os10g41260
OG0000001	oryza_sativa	n55	1.0	Terminal	oryza_sativa_Os03g14230	oryza_sativa_Os10g41260
OG0000002	N6	n1	0.2	Non-Terminal	selaginella_moellendorffii_Smoe_89227	selaginella_moellendorffii_Smoe_28794, oryza_sativa_Os08g33530, oryza_sativa_Os09g24480, arabidopsis_thaliana_AT1G68800, solanum_lycopersicum_Solyc05g009900, solanum_lycopersicum_Solyc03g045030, solanum_lycopersicum_Solyc02g089830, arabidopsis_thaliana_AT1G67260, arabidopsis_thaliana_AT3G18550, ceratopteris_richardii_Ceric.20G025200, ceratopteris_richardii_Ceric.27G008200, oryza_sativa_Os02g51310, oryza_sativa_Os12g02090, oryza_sativa_Os12g42190, oryza_sativa_Os05g43760, oryza_sativa_Os01g55750, solanum_lycopersicum_Solyc02g089020, solanum_lycopersicum_Solyc02g065800, solanum_lycopersicum_Solyc10g082063, arabidopsis_thaliana_AT3G02150, arabidopsis_thaliana_AT5G08070, arabidopsis_thaliana_AT5G60970, solanum_lycopersicum_Solyc06g069460, solanum_lycopersicum_Solyc03g115010, arabidopsis_thaliana_AT4G18390, arabidopsis_thaliana_AT1G30210, solanum_lycopersicum_Solyc08g048370, solanum_lycopersicum_Solyc08g048390, oryza_sativa_Os07g05720, oryza_sativa_Os03g57190, ceratopteris_richardii_Ceric.01G003200, selaginella_moellendorffii_Smoe_29162, ceratopteris_richardii_Ceric.37G069500, ceratopteris_richardii_Ceric.25G064100, oryza_sativa_Os01g11550, solanum_lycopersicum_Solyc01g016414, solanum_lycopersicum_Solyc10g018710, solanum_lycopersicum_Solyc05g012840, solanum_lycopersicum_Solyc02g077250, solanum_lycopersicum_Solyc05g032780, solanum_lycopersicum_Solyc11g045640, arabidopsis_thaliana_AT2G31070, solanum_lycopersicum_Solyc07g053410, arabidopsis_thaliana_AT1G53230, arabidopsis_thaliana_AT3G15030, solanum_lycopersicum_Solyc12g014140, solanum_lycopersicum_Solyc07g062680
OG0000002	N6	n2	1.0	Non-Terminal	selaginella_moellendorffii_Smoe_28794, oryza_sativa_Os08g33530, oryza_sativa_Os09g24480, arabidopsis_thaliana_AT1G68800, solanum_lycopersicum_Solyc05g009900, solanum_lycopersicum_Solyc03g045030, solanum_lycopersicum_Solyc02g089830, arabidopsis_thaliana_AT1G67260, arabidopsis_thaliana_AT3G18550, ceratopteris_richardii_Ceric.20G025200, ceratopteris_richardii_Ceric.27G008200, oryza_sativa_Os02g51310, oryza_sativa_Os12g02090, oryza_sativa_Os12g42190, oryza_sativa_Os05g43760, oryza_sativa_Os01g55750, solanum_lycopersicum_Solyc02g089020, solanum_lycopersicum_Solyc02g065800, solanum_lycopersicum_Solyc10g082063, arabidopsis_thaliana_AT3G02150, arabidopsis_thaliana_AT5G08070, arabidopsis_thaliana_AT5G60970, solanum_lycopersicum_Solyc06g069460, solanum_lycopersicum_Solyc03g115010, arabidopsis_thaliana_AT4G18390, arabidopsis_thaliana_AT1G30210, solanum_lycopersicum_Solyc08g048370, solanum_lycopersicum_Solyc08g048390, oryza_sativa_Os07g05720, oryza_sativa_Os03g57190, ceratopteris_richardii_Ceric.01G003200	selaginella_moellendorffii_Smoe_29162, ceratopteris_richardii_Ceric.37G069500, ceratopteris_richardii_Ceric.25G064100, oryza_sativa_Os01g11550, solanum_lycopersicum_Solyc01g016414, solanum_lycopersicum_Solyc10g018710, solanum_lycopersicum_Solyc05g012840, solanum_lycopersicum_Solyc02g077250, solanum_lycopersicum_Solyc05g032780, solanum_lycopersicum_Solyc11g045640, arabidopsis_thaliana_AT2G31070, solanum_lycopersicum_Solyc07g053410, arabidopsis_thaliana_AT1G53230, arabidopsis_thaliana_AT3G15030, solanum_lycopersicum_Solyc12g014140, solanum_lycopersicum_Solyc07g062680
OG0000002	N7	n4	1.0	Non-Terminal	oryza_sativa_Os08g33530, oryza_sativa_Os09g24480, arabidopsis_thaliana_AT1G68800, solanum_lycopersicum_Solyc05g009900, solanum_lycopersicum_Solyc03g045030, solanum_lycopersicum_Solyc02g089830, arabidopsis_thaliana_AT1G67260, arabidopsis_thaliana_AT3G18550, ceratopteris_richardii_Ceric.20G025200, ceratopteris_richardii_Ceric.27G008200	oryza_sativa_Os02g51310, oryza_sativa_Os12g02090, oryza_sativa_Os12g42190, oryza_sativa_Os05g43760, oryza_sativa_Os01g55750, solanum_lycopersicum_Solyc02g089020, solanum_lycopersicum_Solyc02g065800, solanum_lycopersicum_Solyc10g082063, arabidopsis_thaliana_AT3G02150, arabidopsis_thaliana_AT5G08070, arabidopsis_thaliana_AT5G60970, solanum_lycopersicum_Solyc06g069460, solanum_lycopersicum_Solyc03g115010, arabidopsis_thaliana_AT4G18390, arabidopsis_thaliana_AT1G30210, solanum_lycopersicum_Solyc08g048370, solanum_lycopersicum_Solyc08g048390, oryza_sativa_Os07g05720, oryza_sativa_Os03g57190, ceratopteris_richardii_Ceric.01G003200
OG0000002	oryza_sativa	n7	1.0	Terminal	oryza_sativa_Os08g33530	oryza_sativa_Os09g24480
OG0000002	N9	n8	0.5	Non-Terminal	arabidopsis_thaliana_AT1G68800, solanum_lycopersicum_Solyc05g009900, solanum_lycopersicum_Solyc03g045030, solanum_lycopersicum_Solyc02g089830, arabidopsis_thaliana_AT1G67260	arabidopsis_thaliana_AT3G18550
OG0000002	N9	n9	1.0	Non-Terminal	arabidopsis_thaliana_AT1G68800, solanum_lycopersicum_Solyc05g009900	solanum_lycopersicum_Solyc03g045030, solanum_lycopersicum_Solyc02g089830, arabidopsis_thaliana_AT1G67260
OG0000002	solanum_lycopersicum	n12	1.0	Terminal	solanum_lycopersicum_Solyc03g045030	solanum_lycopersicum_Solyc02g089830
OG0000002	ceratopteris_richardii	n13	1.0	Terminal	ceratopteris_richardii_Ceric.20G025200	ceratopteris_richardii_Ceric.27G008200
OG0000002	N8	n15	0.3333333333333333	Non-Terminal	oryza_sativa_Os02g51310, oryza_sativa_Os12g02090, oryza_sativa_Os12g42190	oryza_sativa_Os05g43760, oryza_sativa_Os01g55750, solanum_lycopersicum_Solyc02g089020, solanum_lycopersicum_Solyc02g065800, solanum_lycopersicum_Solyc10g082063, arabidopsis_thaliana_AT3G02150, arabidopsis_thaliana_AT5G08070, arabidopsis_thaliana_AT5G60970, solanum_lycopersicum_Solyc06g069460, solanum_lycopersicum_Solyc03g115010, arabidopsis_thaliana_AT4G18390, arabidopsis_thaliana_AT1G30210, solanum_lycopersicum_Solyc08g048370, solanum_lycopersicum_Solyc08g048390, oryza_sativa_Os07g05720, oryza_sativa_Os03g57190
OG0000002	oryza_sativa	n16	1.0	Terminal	oryza_sativa_Os02g51310, oryza_sativa_Os12g02090	oryza_sativa_Os12g42190
OG0000002	oryza_sativa	n17	1.0	Terminal	oryza_sativa_Os02g51310	oryza_sativa_Os12g02090
OG0000002	N8	n18	1.0	Non-Terminal	oryza_sativa_Os05g43760, oryza_sativa_Os01g55750, solanum_lycopersicum_Solyc02g089020, solanum_lycopersicum_Solyc02g065800, solanum_lycopersicum_Solyc10g082063, arabidopsis_thaliana_AT3G02150, arabidopsis_thaliana_AT5G08070, arabidopsis_thaliana_AT5G60970, solanum_lycopersicum_Solyc06g069460, solanum_lycopersicum_Solyc03g115010	arabidopsis_thaliana_AT4G18390, arabidopsis_thaliana_AT1G30210, solanum_lycopersicum_Solyc08g048370, solanum_lycopersicum_Solyc08g048390, oryza_sativa_Os07g05720, oryza_sativa_Os03g57190
OG0000002	oryza_sativa	n20	1.0	Terminal	oryza_sativa_Os05g43760	oryza_sativa_Os01g55750
OG0000002	N9	n21	1.0	Non-Terminal	solanum_lycopersicum_Solyc02g089020, solanum_lycopersicum_Solyc02g065800, solanum_lycopersicum_Solyc10g082063, arabidopsis_thaliana_AT3G02150	arabidopsis_thaliana_AT5G08070, arabidopsis_thaliana_AT5G60970, solanum_lycopersicum_Solyc06g069460, solanum_lycopersicum_Solyc03g115010
OG0000002	solanum_lycopersicum	n23	1.0	Terminal	solanum_lycopersicum_Solyc02g089020	solanum_lycopersicum_Solyc02g065800, solanum_lycopersicum_Solyc10g082063
OG0000002	solanum_lycopersicum	n24	1.0	Terminal	solanum_lycopersicum_Solyc02g065800	solanum_lycopersicum_Solyc10g082063
OG0000002	arabidopsis_thaliana	n26	1.0	Terminal	arabidopsis_thaliana_AT5G08070	arabidopsis_thaliana_AT5G60970
OG0000002	solanum_lycopersicum	n27	1.0	Terminal	solanum_lycopersicum_Solyc06g069460	solanum_lycopersicum_Solyc03g115010
OG0000002	arabidopsis_thaliana	n30	1.0	Terminal	arabidopsis_thaliana_AT4G18390	arabidopsis_thaliana_AT1G30210
OG0000002	solanum_lycopersicum	n31	1.0	Terminal	solanum_lycopersicum_Solyc08g048370	solanum_lycopersicum_Solyc08g048390
OG0000002	oryza_sativa	n32	1.0	Terminal	oryza_sativa_Os07g05720	oryza_sativa_Os03g57190
OG0000002	ceratopteris_richardii	n35	1.0	Terminal	ceratopteris_richardii_Ceric.37G069500	ceratopteris_richardii_Ceric.25G064100
OG0000002	N9	n37	0.5	Non-Terminal	solanum_lycopersicum_Solyc01g016414, solanum_lycopersicum_Solyc10g018710, solanum_lycopersicum_Solyc05g012840, solanum_lycopersicum_Solyc02g077250, solanum_lycopersicum_Solyc05g032780, solanum_lycopersicum_Solyc11g045640	arabidopsis_thaliana_AT2G31070, solanum_lycopersicum_Solyc07g053410, arabidopsis_thaliana_AT1G53230, arabidopsis_thaliana_AT3G15030, solanum_lycopersicum_Solyc12g014140, solanum_lycopersicum_Solyc07g062680
OG0000002	solanum_lycopersicum	n38	1.0	Terminal	solanum_lycopersicum_Solyc01g016414	solanum_lycopersicum_Solyc10g018710, solanum_lycopersicum_Solyc05g012840, solanum_lycopersicum_Solyc02g077250, solanum_lycopersicum_Solyc05g032780, solanum_lycopersicum_Solyc11g045640
OG0000002	solanum_lycopersicum	n39	1.0	Terminal	solanum_lycopersicum_Solyc10g018710, solanum_lycopersicum_Solyc05g012840, solanum_lycopersicum_Solyc02g077250	solanum_lycopersicum_Solyc05g032780, solanum_lycopersicum_Solyc11g045640
OG0000002	solanum_lycopersicum	n40	1.0	Terminal	solanum_lycopersicum_Solyc10g018710	solanum_lycopersicum_Solyc05g012840, solanum_lycopersicum_Solyc02g077250
OG0000002	solanum_lycopersicum	n41	1.0	Terminal	solanum_lycopersicum_Solyc05g012840	solanum_lycopersicum_Solyc02g077250
OG0000002	solanum_lycopersicum	n42	1.0	Terminal	solanum_lycopersicum_Solyc05g032780	solanum_lycopersicum_Solyc11g045640
OG0000002	N9	n43	1.0	Non-Terminal	arabidopsis_thaliana_AT2G31070, solanum_lycopersicum_Solyc07g053410	arabidopsis_thaliana_AT1G53230, arabidopsis_thaliana_AT3G15030, solanum_lycopersicum_Solyc12g014140, solanum_lycopersicum_Solyc07g062680
OG0000002	arabidopsis_thaliana	n46	1.0	Terminal	arabidopsis_thaliana_AT1G53230	arabidopsis_thaliana_AT3G15030
OG0000002	solanum_lycopersicum	n47	1.0	Terminal	solanum_lycopersicum_Solyc12g014140	solanum_lycopersicum_Solyc07g062680
OG0000003	N1	n0	0.8	Non-Terminal	chlamydomonas_reinhardtii_Cre13.g562400_4532, ceratopteris_richardii_Ceric.29G016600, selaginella_moellendorffii_Smoe_88108, marchantia_polymorpha_Mp7g03700, solanum_lycopersicum_Solyc02g079020, oryza_sativa_Os07g37610, oryza_sativa_Os07g48200, arabidopsis_thaliana_AT2G30470, solanum_lycopersicum_Solyc06g082520, arabidopsis_thaliana_AT4G32010, solanum_lycopersicum_Solyc10g075030, arabidopsis_thaliana_AT4G21550, ceratopteris_richardii_Ceric.1Z268500, ceratopteris_richardii_Ceric.37G034700, ceratopteris_richardii_Ceric.05G007100, ceratopteris_richardii_Ceric.1Z276200, selaginella_moellendorffii_Smoe_85261, mesotaenium_endlicherianum_ME000344S06017, klebsormidium_nitens_kfl00085_0040, klebsormidium_nitens_kfl00822_0050	oryza_sativa_Os08g06120, arabidopsis_thaliana_AT4G01500, klebsormidium_nitens_kfl00561_0070, chlamydomonas_reinhardtii_Cre04.g228600_4532, klebsormidium_nitens_kfl00115_0030, klebsormidium_nitens_kfl00848_0040, klebsormidium_nitens_kfl00073_0220, klebsormidium_nitens_kfl00219_0030, solanum_lycopersicum_Solyc02g094460, arabidopsis_thaliana_AT3G26790, oryza_sativa_Os01g51610, arabidopsis_thaliana_AT3G24650, solanum_lycopersicum_Solyc06g083590, solanum_lycopersicum_Solyc06g083600, oryza_sativa_Os01g68370, selaginella_moellendorffii_Smoe_39364, oryza_sativa_Os04g58000, oryza_sativa_Os04g58010, oryza_sativa_Os08g01090, selaginella_moellendorffii_Smoe_39429, marchantia_polymorpha_Mp5g08310, ceratopteris_richardii_Ceric.01G016200, marchantia_polymorpha_Mp2g08260, selaginella_moellendorffii_Smoe_39404, ceratopteris_richardii_Ceric.20G000700, ceratopteris_richardii_Ceric.01G131300, arabidopsis_thaliana_AT1G28300
OG0000003	N5	n4	0.5	Non-Terminal	ceratopteris_richardii_Ceric.29G016600, selaginella_moellendorffii_Smoe_88108, marchantia_polymorpha_Mp7g03700, solanum_lycopersicum_Solyc02g079020, oryza_sativa_Os07g37610, oryza_sativa_Os07g48200, arabidopsis_thaliana_AT2G30470, solanum_lycopersicum_Solyc06g082520, arabidopsis_thaliana_AT4G32010, solanum_lycopersicum_Solyc10g075030	arabidopsis_thaliana_AT4G21550, ceratopteris_richardii_Ceric.1Z268500, ceratopteris_richardii_Ceric.37G034700, ceratopteris_richardii_Ceric.05G007100, ceratopteris_richardii_Ceric.1Z276200, selaginella_moellendorffii_Smoe_85261
OG0000003	N8	n8	0.6666666666666666	Non-Terminal	solanum_lycopersicum_Solyc02g079020, oryza_sativa_Os07g37610	oryza_sativa_Os07g48200, arabidopsis_thaliana_AT2G30470, solanum_lycopersicum_Solyc06g082520, arabidopsis_thaliana_AT4G32010, solanum_lycopersicum_Solyc10g075030
OG0000003	N9	n11	1.0	Non-Terminal	arabidopsis_thaliana_AT2G30470, solanum_lycopersicum_Solyc06g082520	arabidopsis_thaliana_AT4G32010, solanum_lycopersicum_Solyc10g075030
OG0000003	ceratopteris_richardii	n16	1.0	Terminal	ceratopteris_richardii_Ceric.1Z268500, ceratopteris_richardii_Ceric.37G034700, ceratopteris_richardii_Ceric.05G007100	ceratopteris_richardii_Ceric.1Z276200
OG0000003	ceratopteris_richardii	n17	1.0	Terminal	ceratopteris_richardii_Ceric.1Z268500, ceratopteris_richardii_Ceric.37G034700	ceratopteris_richardii_Ceric.05G007100
OG0000003	ceratopteris_richardii	n18	1.0	Terminal	ceratopteris_richardii_Ceric.1Z268500	ceratopteris_richardii_Ceric.37G034700
OG0000003	klebsormidium_nitens	n19	1.0	Terminal	klebsormidium_nitens_kfl00085_0040	klebsormidium_nitens_kfl00822_0050
OG0000003	N1	n20	0.3	Non-Terminal	oryza_sativa_Os08g06120, arabidopsis_thaliana_AT4G01500, klebsormidium_nitens_kfl00561_0070, chlamydomonas_reinhardtii_Cre04.g228600_4532	klebsormidium_nitens_kfl00115_0030, klebsormidium_nitens_kfl00848_0040, klebsormidium_nitens_kfl00073_0220, klebsormidium_nitens_kfl00219_0030, solanum_lycopersicum_Solyc02g094460, arabidopsis_thaliana_AT3G26790, oryza_sativa_Os01g51610, arabidopsis_thaliana_AT3G24650, solanum_lycopersicum_Solyc06g083590, solanum_lycopersicum_Solyc06g083600, oryza_sativa_Os01g68370, selaginella_moellendorffii_Smoe_39364, oryza_sativa_Os04g58000, oryza_sativa_Os04g58010, oryza_sativa_Os08g01090, selaginella_moellendorffii_Smoe_39429, marchantia_polymorpha_Mp5g08310, ceratopteris_richardii_Ceric.01G016200, marchantia_polymorpha_Mp2g08260, selaginella_moellendorffii_Smoe_39404, ceratopteris_richardii_Ceric.20G000700, ceratopteris_richardii_Ceric.01G131300, arabidopsis_thaliana_AT1G28300
OG0000003	klebsormidium_nitens	n25	1.0	Terminal	klebsormidium_nitens_kfl00115_0030	klebsormidium_nitens_kfl00848_0040, klebsormidium_nitens_kfl00073_0220, klebsormidium_nitens_kfl00219_0030
OG0000003	klebsormidium_nitens	n26	1.0	Terminal	klebsormidium_nitens_kfl00848_0040	klebsormidium_nitens_kfl00073_0220, klebsormidium_nitens_kfl00219_0030
OG0000003	klebsormidium_nitens	n27	1.0	Terminal	klebsormidium_nitens_kfl00073_0220	klebsormidium_nitens_kfl00219_0030
OG0000003	N5	n28	0.5	Non-Terminal	solanum_lycopersicum_Solyc02g094460, arabidopsis_thaliana_AT3G26790, oryza_sativa_Os01g51610	arabidopsis_thaliana_AT3G24650, solanum_lycopersicum_Solyc06g083590, solanum_lycopersicum_Solyc06g083600, oryza_sativa_Os01g68370, selaginella_moellendorffii_Smoe_39364, oryza_sativa_Os04g58000, oryza_sativa_Os04g58010, oryza_sativa_Os08g01090, selaginella_moellendorffii_Smoe_39429, marchantia_polymorpha_Mp5g08310, ceratopteris_richardii_Ceric.01G016200, marchantia_polymorpha_Mp2g08260, selaginella_moellendorffii_Smoe_39404, ceratopteris_richardii_Ceric.20G000700, ceratopteris_richardii_Ceric.01G131300, arabidopsis_thaliana_AT1G28300
OG0000003	N5	n31	0.5	Non-Terminal	arabidopsis_thaliana_AT3G24650, solanum_lycopersicum_Solyc06g083590, solanum_lycopersicum_Solyc06g083600, oryza_sativa_Os01g68370, selaginella_moellendorffii_Smoe_39364	oryza_sativa_Os04g58000, oryza_sativa_Os04g58010, oryza_sativa_Os08g01090, selaginella_moellendorffii_Smoe_39429, marchantia_polymorpha_Mp5g08310, ceratopteris_richardii_Ceric.01G016200, marchantia_polymorpha_Mp2g08260, selaginella_moellendorffii_Smoe_39404, ceratopteris_richardii_Ceric.20G000700, ceratopteris_richardii_Ceric.01G131300, arabidopsis_thaliana_AT1G28300
OG0000003	solanum_lycopersicum	n35	1.0	Terminal	solanum_lycopersicum_Solyc06g083590	solanum_lycopersicum_Solyc06g083600
OG0000003	oryza_sativa	n38	1.0	Terminal	oryza_sativa_Os04g58000, oryza_sativa_Os04g58010	oryza_sativa_Os08g01090
OG0000003	oryza_sativa	n39	1.0	Terminal	oryza_sativa_Os04g58000	oryza_sativa_Os04g58010
OG0000003	N5	n40	0.3333333333333333	Non-Terminal	selaginella_moellendorffii_Smoe_39429, marchantia_polymorpha_Mp5g08310, ceratopteris_richardii_Ceric.01G016200, marchantia_polymorpha_Mp2g08260	selaginella_moellendorffii_Smoe_39404, ceratopteris_richardii_Ceric.20G000700, ceratopteris_richardii_Ceric.01G131300
OG0000003	N5	n41	0.16666666666666666	Non-Terminal	selaginella_moellendorffii_Smoe_39429, marchantia_polymorpha_Mp5g08310	ceratopteris_richardii_Ceric.01G016200, marchantia_polymorpha_Mp2g08260
OG0000003	ceratopteris_richardii	n45	1.0	Terminal	ceratopteris_richardii_Ceric.20G000700	ceratopteris_richardii_Ceric.01G131300
OG0000004	N4	n1	0.14285714285714285	Non-Terminal	selaginella_moellendorffii_Smoe_71153	mesotaenium_endlicherianum_ME000023S03875, marchantia_polymorpha_Mp2g22250, selaginella_moellendorffii_Smoe_110104, ceratopteris_richardii_Ceric.11G039200, ceratopteris_richardii_Ceric.22G022700, oryza_sativa_Os06g01860, arabidopsis_thaliana_AT2G36080, arabidopsis_thaliana_AT5G06250, arabidopsis_thaliana_AT3G11580, solanum_lycopersicum_Solyc10g083210, solanum_lycopersicum_Solyc09g010230, oryza_sativa_Os12g06080, oryza_sativa_Os11g05740, arabidopsis_thaliana_AT1G01030, arabidopsis_thaliana_AT2G46870, arabidopsis_thaliana_AT3G61970, solanum_lycopersicum_Solyc08g013690, solanum_lycopersicum_Solyc08g013700, solanum_lycopersicum_Solyc05g004000, oryza_sativa_Os04g49230, oryza_sativa_Os02g45850, oryza_sativa_Os10g39190, oryza_sativa_Os03g02900, selaginella_moellendorffii_Smoe_59621, selaginella_moellendorffii_Smoe_59628, selaginella_moellendorffii_Smoe_69265, ceratopteris_richardii_Ceric.16G035200, ceratopteris_richardii_Ceric.20G072500, ceratopteris_richardii_Ceric.20G072600, oryza_sativa_Os01g49830, oryza_sativa_Os05g47650, oryza_sativa_Os01g04750, oryza_sativa_Os01g04800, solanum_lycopersicum_Solyc05g009790, solanum_lycopersicum_Solyc04g007000, arabidopsis_thaliana_AT1G13260, arabidopsis_thaliana_AT3G25730, arabidopsis_thaliana_AT1G68840, arabidopsis_thaliana_AT1G25560
OG0000004	N4	n2	0.14285714285714285	Non-Terminal	mesotaenium_endlicherianum_ME000023S03875, marchantia_polymorpha_Mp2g22250, selaginella_moellendorffii_Smoe_110104	ceratopteris_richardii_Ceric.11G039200, ceratopteris_richardii_Ceric.22G022700, oryza_sativa_Os06g01860, arabidopsis_thaliana_AT2G36080, arabidopsis_thaliana_AT5G06250, arabidopsis_thaliana_AT3G11580, solanum_lycopersicum_Solyc10g083210, solanum_lycopersicum_Solyc09g010230, oryza_sativa_Os12g06080, oryza_sativa_Os11g05740, arabidopsis_thaliana_AT1G01030, arabidopsis_thaliana_AT2G46870, arabidopsis_thaliana_AT3G61970, solanum_lycopersicum_Solyc08g013690, solanum_lycopersicum_Solyc08g013700, solanum_lycopersicum_Solyc05g004000, oryza_sativa_Os04g49230, oryza_sativa_Os02g45850, oryza_sativa_Os10g39190, oryza_sativa_Os03g02900, selaginella_moellendorffii_Smoe_59621, selaginella_moellendorffii_Smoe_59628, selaginella_moellendorffii_Smoe_69265, ceratopteris_richardii_Ceric.16G035200, ceratopteris_richardii_Ceric.20G072500, ceratopteris_richardii_Ceric.20G072600, oryza_sativa_Os01g49830, oryza_sativa_Os05g47650, oryza_sativa_Os01g04750, oryza_sativa_Os01g04800, solanum_lycopersicum_Solyc05g009790, solanum_lycopersicum_Solyc04g007000, arabidopsis_thaliana_AT1G13260, arabidopsis_thaliana_AT3G25730, arabidopsis_thaliana_AT1G68840, arabidopsis_thaliana_AT1G25560
OG0000004	N6	n5	0.8	Non-Terminal	ceratopteris_richardii_Ceric.11G039200, ceratopteris_richardii_Ceric.22G022700, oryza_sativa_Os06g01860, arabidopsis_thaliana_AT2G36080, arabidopsis_thaliana_AT5G06250, arabidopsis_thaliana_AT3G11580, solanum_lycopersicum_Solyc10g083210, solanum_lycopersicum_Solyc09g010230, oryza_sativa_Os12g06080, oryza_sativa_Os11g05740, arabidopsis_thaliana_AT1G01030, arabidopsis_thaliana_AT2G46870, arabidopsis_thaliana_AT3G61970, solanum_lycopersicum_Solyc08g013690, solanum_lycopersicum_Solyc08g013700, solanum_lycopersicum_Solyc05g004000, oryza_sativa_Os04g49230, oryza_sativa_Os02g45850, oryza_sativa_Os10g39190, oryza_sativa_Os03g02900, selaginella_moellendorffii_Smoe_59621, selaginella_moellendorffii_Smoe_59628, selaginella_moellendorffii_Smoe_69265	ceratopteris_richardii_Ceric.16G035200, ceratopteris_richardii_Ceric.20G072500, ceratopteris_richardii_Ceric.20G072600, oryza_sativa_Os01g49830, oryza_sativa_Os05g47650, oryza_sativa_Os01g04750, oryza_sativa_Os01g04800, solanum_lycopersicum_Solyc05g009790, solanum_lycopersicum_Solyc04g007000, arabidopsis_thaliana_AT1G13260, arabidopsis_thaliana_AT3G25730, arabidopsis_thaliana_AT1G68840, arabidopsis_thaliana_AT1G25560
OG0000004	ceratopteris_richardii	n7	1.0	Terminal	ceratopteris_richardii_Ceric.11G039200	ceratopteris_richardii_Ceric.22G022700
OG0000004	N8	n9	0.3333333333333333	Non-Terminal	oryza_sativa_Os06g01860	arabidopsis_thaliana_AT2G36080, arabidopsis_thaliana_AT5G06250, arabidopsis_thaliana_AT3G11580, solanum_lycopersicum_Solyc10g083210, solanum_lycopersicum_Solyc09g010230, oryza_sativa_Os12g06080, oryza_sativa_Os11g05740, arabidopsis_thaliana_AT1G01030, arabidopsis_thaliana_AT2G46870, arabidopsis_thaliana_AT3G61970, solanum_lycopersicum_Solyc08g013690, solanum_lycopersicum_Solyc08g013700, solanum_lycopersicum_Solyc05g004000, oryza_sativa_Os04g49230, oryza_sativa_Os02g45850, oryza_sativa_Os10g39190, oryza_sativa_Os03g02900
OG0000004	N8	n10	1.0	Non-Terminal	arabidopsis_thaliana_AT2G36080, arabidopsis_thaliana_AT5G06250, arabidopsis_thaliana_AT3G11580, solanum_lycopersicum_Solyc10g083210, solanum_lycopersicum_Solyc09g010230, oryza_sativa_Os12g06080, oryza_sativa_Os11g05740	arabidopsis_thaliana_AT1G01030, arabidopsis_thaliana_AT2G46870, arabidopsis_thaliana_AT3G61970, solanum_lycopersicum_Solyc08g013690, solanum_lycopersicum_Solyc08g013700, solanum_lycopersicum_Solyc05g004000, oryza_sativa_Os04g49230, oryza_sativa_Os02g45850, oryza_sativa_Os10g39190, oryza_sativa_Os03g02900
OG0000004	arabidopsis_thaliana	n13	1.0	Terminal	arabidopsis_thaliana_AT2G36080	arabidopsis_thaliana_AT5G06250, arabidopsis_thaliana_AT3G11580
OG0000004	arabidopsis_thaliana	n14	1.0	Terminal	arabidopsis_thaliana_AT5G06250	arabidopsis_thaliana_AT3G11580
OG0000004	solanum_lycopersicum	n15	1.0	Terminal	solanum_lycopersicum_Solyc10g083210	solanum_lycopersicum_Solyc09g010230
OG0000004	oryza_sativa	n16	1.0	Terminal	oryza_sativa_Os12g06080	oryza_sativa_Os11g05740
OG0000004	arabidopsis_thaliana	n19	1.0	Terminal	arabidopsis_thaliana_AT1G01030	arabidopsis_thaliana_AT2G46870, arabidopsis_thaliana_AT3G61970
OG0000004	arabidopsis_thaliana	n20	1.0	Terminal	arabidopsis_thaliana_AT2G46870	arabidopsis_thaliana_AT3G61970
OG0000004	solanum_lycopersicum	n21	1.0	Terminal	solanum_lycopersicum_Solyc08g013690, solanum_lycopersicum_Solyc08g013700	solanum_lycopersicum_Solyc05g004000
OG0000004	solanum_lycopersicum	n22	1.0	Terminal	solanum_lycopersicum_Solyc08g013690	solanum_lycopersicum_Solyc08g013700
OG0000004	oryza_sativa	n23	1.0	Terminal	oryza_sativa_Os04g49230, oryza_sativa_Os02g45850	oryza_sativa_Os10g39190, oryza_sativa_Os03g02900
OG0000004	oryza_sativa	n24	1.0	Terminal	oryza_sativa_Os04g49230	oryza_sativa_Os02g45850
OG0000004	oryza_sativa	n25	1.0	Terminal	oryza_sativa_Os10g39190	oryza_sativa_Os03g02900
OG0000004	selaginella_moellendorffii	n26	1.0	Terminal	selaginella_moellendorffii_Smoe_59621, selaginella_moellendorffii_Smoe_59628	selaginella_moellendorffii_Smoe_69265
OG0000004	selaginella_moellendorffii	n27	1.0	Terminal	selaginella_moellendorffii_Smoe_59621	selaginella_moellendorffii_Smoe_59628
OG0000004	ceratopteris_richardii	n29	1.0	Terminal	ceratopteris_richardii_Ceric.16G035200	ceratopteris_richardii_Ceric.20G072500, ceratopteris_richardii_Ceric.20G072600
OG0000004	ceratopteris_richardii	n30	1.0	Terminal	ceratopteris_richardii_Ceric.20G072500	ceratopteris_richardii_Ceric.20G072600
OG0000004	oryza_sativa	n32	1.0	Terminal	oryza_sativa_Os01g49830, oryza_sativa_Os05g47650	oryza_sativa_Os01g04750, oryza_sativa_Os01g04800
OG0000004	oryza_sativa	n33	1.0	Terminal	oryza_sativa_Os01g49830	oryza_sativa_Os05g47650
OG0000004	oryza_sativa	n34	1.0	Terminal	oryza_sativa_Os01g04750	oryza_sativa_Os01g04800
OG0000004	solanum_lycopersicum	n36	1.0	Terminal	solanum_lycopersicum_Solyc05g009790	solanum_lycopersicum_Solyc04g007000
OG0000004	arabidopsis_thaliana	n37	1.0	Terminal	arabidopsis_thaliana_AT1G13260, arabidopsis_thaliana_AT3G25730	arabidopsis_thaliana_AT1G68840, arabidopsis_thaliana_AT1G25560
OG0000004	arabidopsis_thaliana	n38	1.0	Terminal	arabidopsis_thaliana_AT1G13260	arabidopsis_thaliana_AT3G25730
OG0000004	arabidopsis_thaliana	n39	1.0	Terminal	arabidopsis_thaliana_AT1G68840	arabidopsis_thaliana_AT1G25560
OG0000005	N1	n1	0.2	Non-Terminal	marchantia_polymorpha_Mp2g02230, arabidopsis_thaliana_AT2G40950, arabidopsis_thaliana_AT3G56660, arabidopsis_thaliana_AT3G10800, oryza_sativa_Os05g34050, oryza_sativa_Os07g44950, ceratopteris_richardii_Ceric.34G042500, selaginella_moellendorffii_Smoe_73198, mesotaenium_endlicherianum_ME000361S06123, marchantia_polymorpha_Mp3g04360, ceratopteris_richardii_Ceric.02G064000, ceratopteris_richardii_Ceric.01G010100, selaginella_moellendorffii_Smoe_443825, ostreococcus_tauri_ostta03g02740, chlamydomonas_reinhardtii_Cre06.g310500_4532, klebsormidium_nitens_kfl00647_g5, mesotaenium_endlicherianum_ME000248S04254, marchantia_polymorpha_Mp1g16800, ceratopteris_richardii_Ceric.13G093700, ceratopteris_richardii_Ceric.18G028800, ceratopteris_richardii_Ceric.1Z124000, ceratopteris_richardii_Ceric.14G091500, ceratopteris_richardii_Ceric.19G062900, selaginella_moellendorffii_Smoe_99404, arabidopsis_thaliana_AT5G11260, solanum_lycopersicum_Solyc08g061130, oryza_sativa_Os06g39960, arabidopsis_thaliana_AT3G17609, oryza_sativa_Os01g07880, selaginella_moellendorffii_Smoe_73196, mesotaenium_endlicherianum_ME000052S08178, ostreococcus_tauri_ostta01g03880	chlamydomonas_reinhardtii_Cre05.g238250_4532, mesotaenium_endlicherianum_ME000123S00246
OG0000005	N1	n2	0.7	Non-Terminal	marchantia_polymorpha_Mp2g02230, arabidopsis_thaliana_AT2G40950, arabidopsis_thaliana_AT3G56660, arabidopsis_thaliana_AT3G10800, oryza_sativa_Os05g34050, oryza_sativa_Os07g44950, ceratopteris_richardii_Ceric.34G042500, selaginella_moellendorffii_Smoe_73198, mesotaenium_endlicherianum_ME000361S06123, marchantia_polymorpha_Mp3g04360, ceratopteris_richardii_Ceric.02G064000, ceratopteris_richardii_Ceric.01G010100, selaginella_moellendorffii_Smoe_443825, ostreococcus_tauri_ostta03g02740	chlamydomonas_reinhardtii_Cre06.g310500_4532, klebsormidium_nitens_kfl00647_g5, mesotaenium_endlicherianum_ME000248S04254, marchantia_polymorpha_Mp1g16800, ceratopteris_richardii_Ceric.13G093700, ceratopteris_richardii_Ceric.18G028800, ceratopteris_richardii_Ceric.1Z124000, ceratopteris_richardii_Ceric.14G091500, ceratopteris_richardii_Ceric.19G062900, selaginella_moellendorffii_Smoe_99404, arabidopsis_thaliana_AT5G11260, solanum_lycopersicum_Solyc08g061130, oryza_sativa_Os06g39960, arabidopsis_thaliana_AT3G17609, oryza_sativa_Os01g07880, selaginella_moellendorffii_Smoe_73196, mesotaenium_endlicherianum_ME000052S08178, ostreococcus_tauri_ostta01g03880
OG0000005	N4	n4	0.2857142857142857	Non-Terminal	marchantia_polymorpha_Mp2g02230, arabidopsis_thaliana_AT2G40950, arabidopsis_thaliana_AT3G56660, arabidopsis_thaliana_AT3G10800, oryza_sativa_Os05g34050, oryza_sativa_Os07g44950, ceratopteris_richardii_Ceric.34G042500, selaginella_moellendorffii_Smoe_73198, mesotaenium_endlicherianum_ME000361S06123, marchantia_polymorpha_Mp3g04360	ceratopteris_richardii_Ceric.02G064000, ceratopteris_richardii_Ceric.01G010100, selaginella_moellendorffii_Smoe_443825
OG0000005	N4	n5	0.14285714285714285	Non-Terminal	marchantia_polymorpha_Mp2g02230, arabidopsis_thaliana_AT2G40950, arabidopsis_thaliana_AT3G56660, arabidopsis_thaliana_AT3G10800, oryza_sativa_Os05g34050, oryza_sativa_Os07g44950, ceratopteris_richardii_Ceric.34G042500	selaginella_moellendorffii_Smoe_73198, mesotaenium_endlicherianum_ME000361S06123, marchantia_polymorpha_Mp3g04360
OG0000005	arabidopsis_thaliana	n9	1.0	Terminal	arabidopsis_thaliana_AT2G40950, arabidopsis_thaliana_AT3G56660	arabidopsis_thaliana_AT3G10800
OG0000005	arabidopsis_thaliana	n10	1.0	Terminal	arabidopsis_thaliana_AT2G40950	arabidopsis_thaliana_AT3G56660
OG0000005	oryza_sativa	n11	1.0	Terminal	oryza_sativa_Os05g34050	oryza_sativa_Os07g44950
OG0000005	ceratopteris_richardii	n15	1.0	Terminal	ceratopteris_richardii_Ceric.02G064000	ceratopteris_richardii_Ceric.01G010100
OG0000005	N2	n18	0.25	Non-Terminal	klebsormidium_nitens_kfl00647_g5, mesotaenium_endlicherianum_ME000248S04254, marchantia_polymorpha_Mp1g16800, ceratopteris_richardii_Ceric.13G093700, ceratopteris_richardii_Ceric.18G028800, ceratopteris_richardii_Ceric.1Z124000, ceratopteris_richardii_Ceric.14G091500, ceratopteris_richardii_Ceric.19G062900, selaginella_moellendorffii_Smoe_99404, arabidopsis_thaliana_AT5G11260, solanum_lycopersicum_Solyc08g061130, oryza_sativa_Os06g39960, arabidopsis_thaliana_AT3G17609, oryza_sativa_Os01g07880	selaginella_moellendorffii_Smoe_73196, mesotaenium_endlicherianum_ME000052S08178
OG0000005	ceratopteris_richardii	n23	1.0	Terminal	ceratopteris_richardii_Ceric.13G093700, ceratopteris_richardii_Ceric.18G028800	ceratopteris_richardii_Ceric.1Z124000, ceratopteris_richardii_Ceric.14G091500, ceratopteris_richardii_Ceric.19G062900
OG0000005	ceratopteris_richardii	n24	1.0	Terminal	ceratopteris_richardii_Ceric.13G093700	ceratopteris_richardii_Ceric.18G028800
OG0000005	ceratopteris_richardii	n25	1.0	Terminal	ceratopteris_richardii_Ceric.1Z124000, ceratopteris_richardii_Ceric.14G091500	ceratopteris_richardii_Ceric.19G062900
OG0000005	ceratopteris_richardii	n26	1.0	Terminal	ceratopteris_richardii_Ceric.1Z124000	ceratopteris_richardii_Ceric.14G091500
OG0000005	N8	n28	0.6666666666666666	Non-Terminal	arabidopsis_thaliana_AT5G11260, solanum_lycopersicum_Solyc08g061130, oryza_sativa_Os06g39960	arabidopsis_thaliana_AT3G17609, oryza_sativa_Os01g07880
OG0000006	chlamydomonas_reinhardtii	n1	1.0	Terminal	chlamydomonas_reinhardtii_Cre12.g545700_4532	chlamydomonas_reinhardtii_Cre12.g545600_4532
OG0000006	N4	n2	0.42857142857142855	Non-Terminal	mesotaenium_endlicherianum_ME000183S02133, ceratopteris_richardii_Ceric.10G009300, ceratopteris_richardii_Ceric.28G049600, ceratopteris_richardii_Ceric.25G015800, marchantia_polymorpha_Mp7g12670, selaginella_moellendorffii_Smoe_440578, selaginella_moellendorffii_Smoe_438486, oryza_sativa_Os03g58390, oryza_sativa_Os03g53080, oryza_sativa_Os12g40790, oryza_sativa_Os03g43360, solanum_lycopersicum_Solyc09g083305, arabidopsis_thaliana_AT3G23060, arabidopsis_thaliana_AT1G06770, arabidopsis_thaliana_AT2G30580, solanum_lycopersicum_Solyc06g084040, solanum_lycopersicum_Solyc09g065990, solanum_lycopersicum_Solyc06g008600, arabidopsis_thaliana_AT1G35183	solanum_lycopersicum_Solyc01g021685, solanum_lycopersicum_Solyc01g020113, marchantia_polymorpha_Mp6g09730, selaginella_moellendorffii_Smoe_427264, selaginella_moellendorffii_Smoe_413683
OG0000006	N5	n4	0.16666666666666666	Non-Terminal	ceratopteris_richardii_Ceric.10G009300, ceratopteris_richardii_Ceric.28G049600, ceratopteris_richardii_Ceric.25G015800, marchantia_polymorpha_Mp7g12670, selaginella_moellendorffii_Smoe_440578, selaginella_moellendorffii_Smoe_438486, oryza_sativa_Os03g58390, oryza_sativa_Os03g53080, oryza_sativa_Os12g40790, oryza_sativa_Os03g43360, solanum_lycopersicum_Solyc09g083305, arabidopsis_thaliana_AT3G23060, arabidopsis_thaliana_AT1G06770, arabidopsis_thaliana_AT2G30580, solanum_lycopersicum_Solyc06g084040, solanum_lycopersicum_Solyc09g065990, solanum_lycopersicum_Solyc06g008600	arabidopsis_thaliana_AT1G35183
OG0000006	ceratopteris_richardii	n8	1.0	Terminal	ceratopteris_richardii_Ceric.10G009300, ceratopteris_richardii_Ceric.28G049600	ceratopteris_richardii_Ceric.25G015800
OG0000006	ceratopteris_richardii	n9	1.0	Terminal	ceratopteris_richardii_Ceric.10G009300	ceratopteris_richardii_Ceric.28G049600
OG0000006	selaginella_moellendorffii	n10	1.0	Terminal	selaginella_moellendorffii_Smoe_440578	selaginella_moellendorffii_Smoe_438486
OG0000006	oryza_sativa	n12	1.0	Terminal	oryza_sativa_Os03g58390	oryza_sativa_Os03g53080, oryza_sativa_Os12g40790, oryza_sativa_Os03g43360
OG0000006	oryza_sativa	n13	1.0	Terminal	oryza_sativa_Os03g53080	oryza_sativa_Os12g40790, oryza_sativa_Os03g43360
OG0000006	oryza_sativa	n14	1.0	Terminal	oryza_sativa_Os12g40790	oryza_sativa_Os03g43360
OG0000006	N9	n15	0.5	Non-Terminal	solanum_lycopersicum_Solyc09g083305	arabidopsis_thaliana_AT3G23060, arabidopsis_thaliana_AT1G06770, arabidopsis_thaliana_AT2G30580, solanum_lycopersicum_Solyc06g084040, solanum_lycopersicum_Solyc09g065990, solanum_lycopersicum_Solyc06g008600
OG0000006	N9	n16	0.5	Non-Terminal	arabidopsis_thaliana_AT3G23060	arabidopsis_thaliana_AT1G06770, arabidopsis_thaliana_AT2G30580, solanum_lycopersicum_Solyc06g084040, solanum_lycopersicum_Solyc09g065990, solanum_lycopersicum_Solyc06g008600
OG0000006	arabidopsis_thaliana	n18	1.0	Terminal	arabidopsis_thaliana_AT1G06770	arabidopsis_thaliana_AT2G30580
OG0000006	solanum_lycopersicum	n19	1.0	Terminal	solanum_lycopersicum_Solyc06g084040, solanum_lycopersicum_Solyc09g065990	solanum_lycopersicum_Solyc06g008600
OG0000006	solanum_lycopersicum	n20	1.0	Terminal	solanum_lycopersicum_Solyc06g084040	solanum_lycopersicum_Solyc09g065990
OG0000006	solanum_lycopersicum	n22	1.0	Terminal	solanum_lycopersicum_Solyc01g021685	solanum_lycopersicum_Solyc01g020113
OG0000006	selaginella_moellendorffii	n24	1.0	Terminal	selaginella_moellendorffii_Smoe_427264	selaginella_moellendorffii_Smoe_413683
OG0000007	N8	n3	1.0	Non-Terminal	arabidopsis_thaliana_AT1G09570, solanum_lycopersicum_Solyc10g044670, oryza_sativa_Os03g51030, arabidopsis_thaliana_AT5G35840, solanum_lycopersicum_Solyc07g045480, oryza_sativa_Os03g54084	arabidopsis_thaliana_AT2G18790, arabidopsis_thaliana_AT4G16250, oryza_sativa_Os03g19590, solanum_lycopersicum_Solyc05g053410, solanum_lycopersicum_Solyc01g059870, solanum_lycopersicum_Solyc02g071260, arabidopsis_thaliana_AT4G18130
OG0000007	N8	n4	1.0	Non-Terminal	arabidopsis_thaliana_AT1G09570, solanum_lycopersicum_Solyc10g044670, oryza_sativa_Os03g51030	arabidopsis_thaliana_AT5G35840, solanum_lycopersicum_Solyc07g045480, oryza_sativa_Os03g54084
OG0000007	N8	n9	0.6666666666666666	Non-Terminal	arabidopsis_thaliana_AT2G18790, arabidopsis_thaliana_AT4G16250, oryza_sativa_Os03g19590, solanum_lycopersicum_Solyc05g053410, solanum_lycopersicum_Solyc01g059870	solanum_lycopersicum_Solyc02g071260, arabidopsis_thaliana_AT4G18130
OG0000007	arabidopsis_thaliana	n12	1.0	Terminal	arabidopsis_thaliana_AT2G18790	arabidopsis_thaliana_AT4G16250
OG0000007	solanum_lycopersicum	n13	1.0	Terminal	solanum_lycopersicum_Solyc05g053410	solanum_lycopersicum_Solyc01g059870
OG0000007	ceratopteris_richardii	n17	1.0	Terminal	ceratopteris_richardii_Ceric.10G020500	ceratopteris_richardii_Ceric.19G009100, ceratopteris_richardii_Ceric.29G025400
OG0000007	ceratopteris_richardii	n18	1.0	Terminal	ceratopteris_richardii_Ceric.19G009100	ceratopteris_richardii_Ceric.29G025400
OG0000007	mesotaenium_endlicherianum	n19	1.0	Terminal	mesotaenium_endlicherianum_ME000083S10060, mesotaenium_endlicherianum_ME000085S09910, mesotaenium_endlicherianum_ME000023S03874	mesotaenium_endlicherianum_ME000176S02010, mesotaenium_endlicherianum_ME000121S00103
OG0000007	mesotaenium_endlicherianum	n20	1.0	Terminal	mesotaenium_endlicherianum_ME000083S10060	mesotaenium_endlicherianum_ME000085S09910, mesotaenium_endlicherianum_ME000023S03874
OG0000007	mesotaenium_endlicherianum	n21	1.0	Terminal	mesotaenium_endlicherianum_ME000085S09910	mesotaenium_endlicherianum_ME000023S03874
OG0000007	mesotaenium_endlicherianum	n22	1.0	Terminal	mesotaenium_endlicherianum_ME000176S02010	mesotaenium_endlicherianum_ME000121S00103
OG0000008	ceratopteris_richardii	n4	1.0	Terminal	ceratopteris_richardii_Ceric.34G003500	ceratopteris_richardii_Ceric.1Z170700
OG0000008	marchantia_polymorpha	n5	1.0	Terminal	marchantia_polymorpha_Mp1g15390, marchantia_polymorpha_Mp1g15380, marchantia_polymorpha_Mp1g15400	marchantia_polymorpha_Mp1g15680
OG0000008	marchantia_polymorpha	n6	1.0	Terminal	marchantia_polymorpha_Mp1g15390	marchantia_polymorpha_Mp1g15380, marchantia_polymorpha_Mp1g15400
OG0000008	marchantia_polymorpha	n7	1.0	Terminal	marchantia_polymorpha_Mp1g15380	marchantia_polymorpha_Mp1g15400
OG0000008	arabidopsis_thaliana	n10	1.0	Terminal	arabidopsis_thaliana_AT5G44280	arabidopsis_thaliana_AT1G03770
OG0000008	oryza_sativa	n12	1.0	Terminal	oryza_sativa_Os05g41795	oryza_sativa_Os01g58400
OG0000008	solanum_lycopersicum	n13	1.0	Terminal	solanum_lycopersicum_Solyc07g053800	solanum_lycopersicum_Solyc02g077890
OG0000009	N8	n0	1.0	Non-Terminal	solanum_lycopersicum_Solyc01g109690, oryza_sativa_Os12g33950, oryza_sativa_Os02g47744, arabidopsis_thaliana_AT2G18328	oryza_sativa_Os01g44390, oryza_sativa_Os05g50340, oryza_sativa_Os05g50350, solanum_lycopersicum_Solyc12g089190, solanum_lycopersicum_Solyc04g080500, solanum_lycopersicum_Solyc10g052470, solanum_lycopersicum_Solyc02g085145, arabidopsis_thaliana_AT2G21650, arabidopsis_thaliana_AT4G39250
OG0000009	oryza_sativa	n3	1.0	Terminal	oryza_sativa_Os12g33950	oryza_sativa_Os02g47744
OG0000009	oryza_sativa	n6	1.0	Terminal	oryza_sativa_Os01g44390, oryza_sativa_Os05g50340	oryza_sativa_Os05g50350
OG0000009	oryza_sativa	n7	1.0	Terminal	oryza_sativa_Os01g44390	oryza_sativa_Os05g50340
OG0000009	solanum_lycopersicum	n8	1.0	Terminal	solanum_lycopersicum_Solyc12g089190, solanum_lycopersicum_Solyc04g080500, solanum_lycopersicum_Solyc10g052470	solanum_lycopersicum_Solyc02g085145
OG0000009	solanum_lycopersicum	n9	1.0	Terminal	solanum_lycopersicum_Solyc12g089190, solanum_lycopersicum_Solyc04g080500	solanum_lycopersicum_Solyc10g052470
OG0000009	solanum_lycopersicum	n10	1.0	Terminal	solanum_lycopersicum_Solyc12g089190	solanum_lycopersicum_Solyc04g080500
OG0000009	arabidopsis_thaliana	n11	1.0	Terminal	arabidopsis_thaliana_AT2G21650	arabidopsis_thaliana_AT4G39250
OG0000010	ceratopteris_richardii	n6	1.0	Terminal	ceratopteris_richardii_Ceric.15G046300	ceratopteris_richardii_Ceric.1Z263600
OG0000011	solanum_lycopersicum	n1	1.0	Terminal	solanum_lycopersicum_Solyc04g150153	solanum_lycopersicum_Solyc08g074850, solanum_lycopersicum_Solyc04g051060, solanum_lycopersicum_Solyc04g056490, solanum_lycopersicum_Solyc03g013450, solanum_lycopersicum_Solyc04g056460, solanum_lycopersicum_Solyc04g056470, solanum_lycopersicum_Solyc04g056510, solanum_lycopersicum_Solyc04g051040
OG0000011	solanum_lycopersicum	n2	1.0	Terminal	solanum_lycopersicum_Solyc08g074850	solanum_lycopersicum_Solyc04g051060, solanum_lycopersicum_Solyc04g056490, solanum_lycopersicum_Solyc03g013450, solanum_lycopersicum_Solyc04g056460, solanum_lycopersicum_Solyc04g056470, solanum_lycopersicum_Solyc04g056510, solanum_lycopersicum_Solyc04g051040
OG0000011	solanum_lycopersicum	n3	1.0	Terminal	solanum_lycopersicum_Solyc04g051060, solanum_lycopersicum_Solyc04g056490, solanum_lycopersicum_Solyc03g013450, solanum_lycopersicum_Solyc04g056460, solanum_lycopersicum_Solyc04g056470	solanum_lycopersicum_Solyc04g056510, solanum_lycopersicum_Solyc04g051040
OG0000011	solanum_lycopersicum	n4	1.0	Terminal	solanum_lycopersicum_Solyc04g051060	solanum_lycopersicum_Solyc04g056490, solanum_lycopersicum_Solyc03g013450, solanum_lycopersicum_Solyc04g056460, solanum_lycopersicum_Solyc04g056470
OG0000011	solanum_lycopersicum	n5	1.0	Terminal	solanum_lycopersicum_Solyc04g056490	solanum_lycopersicum_Solyc03g013450, solanum_lycopersicum_Solyc04g056460, solanum_lycopersicum_Solyc04g056470
OG0000011	solanum_lycopersicum	n6	1.0	Terminal	solanum_lycopersicum_Solyc03g013450	solanum_lycopersicum_Solyc04g056460, solanum_lycopersicum_Solyc04g056470
OG0000011	solanum_lycopersicum	n7	1.0	Terminal	solanum_lycopersicum_Solyc04g056460	solanum_lycopersicum_Solyc04g056470
OG0000011	solanum_lycopersicum	n8	1.0	Terminal	solanum_lycopersicum_Solyc04g056510	solanum_lycopersicum_Solyc04g051040
OG0000012	ceratopteris_richardii	n1	1.0	Terminal	ceratopteris_richardii_Ceric.25G018900	ceratopteris_richardii_Ceric.25G018800
OG0000012	oryza_sativa	n4	1.0	Terminal	oryza_sativa_Os05g42290	oryza_sativa_Os01g57240
OG0000012	arabidopsis_thaliana	n5	1.0	Terminal	arabidopsis_thaliana_AT2G20825	arabidopsis_thaliana_AT4G28190
OG0000012	solanum_lycopersicum	n6	1.0	Terminal	solanum_lycopersicum_Solyc12g010755, solanum_lycopersicum_Solyc12g010370	solanum_lycopersicum_Solyc07g054450
OG0000012	solanum_lycopersicum	n7	1.0	Terminal	solanum_lycopersicum_Solyc12g010755	solanum_lycopersicum_Solyc12g010370
OG0000013	porphyra_umbilicalis	n1	1.0	Terminal	porphyra_umbilicalis_Pum0108s0024, porphyra_umbilicalis_Pum0108s0029	porphyra_umbilicalis_Pum0108s0025, porphyra_umbilicalis_Pum0095s0006
OG0000013	porphyra_umbilicalis	n2	1.0	Terminal	porphyra_umbilicalis_Pum0108s0024	porphyra_umbilicalis_Pum0108s0029
OG0000013	porphyra_umbilicalis	n3	1.0	Terminal	porphyra_umbilicalis_Pum0108s0025	porphyra_umbilicalis_Pum0095s0006
OG0000014	arabidopsis_thaliana	n2	1.0	Terminal	arabidopsis_thaliana_AT5G13250	arabidopsis_thaliana_AT1G28080
OG0000014	solanum_lycopersicum	n3	1.0	Terminal	solanum_lycopersicum_Solyc04g049190	solanum_lycopersicum_Solyc01g009720
OG0000015	arabidopsis_thaliana	n1	1.0	Terminal	arabidopsis_thaliana_AT1G51120	arabidopsis_thaliana_AT1G50680
OG0000015	solanum_lycopersicum	n2	1.0	Terminal	solanum_lycopersicum_Solyc03g083110	solanum_lycopersicum_Solyc12g150121, solanum_lycopersicum_Solyc12g098460
OG0000015	solanum_lycopersicum	n3	1.0	Terminal	solanum_lycopersicum_Solyc12g150121	solanum_lycopersicum_Solyc12g098460
OG0000016	solanum_lycopersicum	n0	1.0	Terminal	solanum_lycopersicum_Solyc01g020110	solanum_lycopersicum_Solyc09g083300, solanum_lycopersicum_Solyc01g021690, solanum_lycopersicum_Solyc01g021695, solanum_lycopersicum_Solyc09g083310
OG0000016	solanum_lycopersicum	n1	1.0	Terminal	solanum_lycopersicum_Solyc09g083300	solanum_lycopersicum_Solyc01g021690, solanum_lycopersicum_Solyc01g021695, solanum_lycopersicum_Solyc09g083310
OG0000016	solanum_lycopersicum	n2	1.0	Terminal	solanum_lycopersicum_Solyc01g021690, solanum_lycopersicum_Solyc01g021695	solanum_lycopersicum_Solyc09g083310
OG0000016	solanum_lycopersicum	n3	1.0	Terminal	solanum_lycopersicum_Solyc01g021690	solanum_lycopersicum_Solyc01g021695
OG0000017	solanum_lycopersicum	n0	1.0	Terminal	solanum_lycopersicum_Solyc12g021200	solanum_lycopersicum_Solyc12g021210, solanum_lycopersicum_Solyc10g055035, solanum_lycopersicum_Solyc12g021197, solanum_lycopersicum_Solyc12g021193
OG0000017	solanum_lycopersicum	n1	1.0	Terminal	solanum_lycopersicum_Solyc12g021210	solanum_lycopersicum_Solyc10g055035, solanum_lycopersicum_Solyc12g021197, solanum_lycopersicum_Solyc12g021193
OG0000017	solanum_lycopersicum	n2	1.0	Terminal	solanum_lycopersicum_Solyc10g055035, solanum_lycopersicum_Solyc12g021197	solanum_lycopersicum_Solyc12g021193
OG0000017	solanum_lycopersicum	n3	1.0	Terminal	solanum_lycopersicum_Solyc10g055035	solanum_lycopersicum_Solyc12g021197
OG0000018	arabidopsis_thaliana	n0	1.0	Terminal	arabidopsis_thaliana_AT3G10590	arabidopsis_thaliana_AT3G10585, arabidopsis_thaliana_AT4G09450, arabidopsis_thaliana_AT3G10580
OG0000018	arabidopsis_thaliana	n1	1.0	Terminal	arabidopsis_thaliana_AT3G10585	arabidopsis_thaliana_AT4G09450, arabidopsis_thaliana_AT3G10580
OG0000018	arabidopsis_thaliana	n2	1.0	Terminal	arabidopsis_thaliana_AT4G09450	arabidopsis_thaliana_AT3G10580
OG0000019	klebsormidium_nitens	n0	1.0	Terminal	klebsormidium_nitens_kfl00650_0030	klebsormidium_nitens_kfl00650_0020, klebsormidium_nitens_kfl00639_0060, klebsormidium_nitens_kfl00650_0010
OG0000019	klebsormidium_nitens	n1	1.0	Terminal	klebsormidium_nitens_kfl00650_0020	klebsormidium_nitens_kfl00639_0060, klebsormidium_nitens_kfl00650_0010
OG0000019	klebsormidium_nitens	n2	1.0	Terminal	klebsormidium_nitens_kfl00639_0060	klebsormidium_nitens_kfl00650_0010
